Benchmark,Predicted_Solver,Solved,Runtime,PAR2_Score
QF_LRA/LassoRanker/CooperatingT2/ludcmp.c.i.ludcmp.pl.t2.fixed.t2.c_Iteration10_Loop_7-phaseTemplate.smt2,Yices2,False,1200,2400
QF_LRA/LassoRanker/SV-COMP/BradleyMannaSipma-2005ICALP-Fig1_true-termination.c_Iteration1_Lasso_4-pieceTemplate.smt2,Yices2,False,1200,2400
QF_LRA/2017-Heizmann-UltimateInvariantSynthesis/_standard_copyInit_ground.i_3_2_2.bpl_7.smt2,Z3alpha,True,4.2734090310987085,4.2734090310987085
QF_LRA/2019-ezsmt/routingMin/SCC_strong/d50.9.smt2,Yices2,True,0.2486707589123398,0.2486707589123398
QF_LRA/spider_benchmarks/synched.induction.smt2,Yices2,True,0.21513740601949394,0.21513740601949394
QF_LRA/tta_startup/simple_startup_11nodes.missing.induct.smt2,OpenSMT,True,3.5134467219468206,3.5134467219468206
QF_LRA/LassoRanker/Ultimate/2013POPL-BenAmGen-Ex3.20.bpl_Iteration1_Lasso_4-pieceTemplate.smt2,OpenSMT,True,2.8424870879389346,2.8424870879389346
QF_LRA/2017-Heizmann-UltimateInvariantSynthesis/_standard_two_index_04.i_3_2_2.bpl_11.smt2,OpenSMT,True,209.05175793194212,209.05175793194212
QF_LRA/DTP-Scheduling/constraints-temporal-machine-shop-2-3-A60.smt2,Yices2,True,0.25210004299879074,0.25210004299879074
QF_LRA/LassoRanker/Ultimate/yPositive-SIscaled75.bpl_Iteration1_Loop_6-phaseTemplate.smt2,OpenSMT,True,4.466535395011306,4.466535395011306
QF_LRA/LassoRanker/SV-COMP/aviad_true-termination.c_Iteration1_Loop_6-nestedTemplate.smt2,Yices2,True,1.5204463021364063,1.5204463021364063
QF_LRA/LassoRanker/SV-COMP/GulwaniJainKoskinen-2009PLDI-Fig1_true-termination.c_Iteration1_Lasso_6-phaseTemplate.smt2,Yices2,True,1.0173724461346865,1.0173724461346865
QF_LRA/LassoRanker/SV-COMP/CookSeeZuleger-2013TACAS-Fig3_true-termination.c_Iteration1_Loop_3-pieceTemplate.smt2,Yices2,True,3.455387091031298,3.455387091031298
QF_LRA/sal/gasburner/gasburner-prop3-19.smt2,Yices2,True,0.21916656102985144,0.21916656102985144
QF_LRA/sc/sc-35.induction3.cvc.smt2,OpenSMT,True,0.670714627020061,0.670714627020061
QF_LRA/DTP-Scheduling/constraints-tempo-depth-8.smt2,Yices2,True,0.21268391516059637,0.21268391516059637
QF_LRA/LassoRanker/SV-COMP/LeeJonesBen-Amram-2001POPL-Ex5_true-termination.c_Iteration2_Lasso_4-pieceTemplate.smt2,Yices2,False,1200,2400
QF_LRA/uart/uart-20.induction.cvc.smt2,Yices2,True,0.25508824503049254,0.25508824503049254
QF_LRA/clock_synchro/clocksynchro_2clocks.worst_case_skew.induct.smt2,OpenSMT,True,0.23191149905323982,0.23191149905323982
QF_LRA/LassoRanker/SV-COMP/TelAviv-Amir-Minimum_true-termination.c_Iteration1_Lasso_3-pieceTemplate.smt2,Yices2,True,33.92079288791865,33.92079288791865
QF_LRA/LassoRanker/CooperatingT2/sas2.t2.c_Iteration5_Lasso_4-lexTemplate.smt2,Yices2,True,4.631682361941785,4.631682361941785
QF_LRA/DTP-Scheduling/constraints-tempo-depth-150.smt2,Yices2,True,0.30138844111934304,0.30138844111934304
QF_LRA/LassoRanker/Ultimate/Braverman-2006CAV-Ex1-int.bpl_Iteration1_Loop_5-phaseTemplate.smt2,OpenSMT,True,16.10261132195592,16.10261132195592
QF_LRA/sc/sc-26.induction3.cvc.smt2,OpenSMT,True,0.49730863119475543,0.49730863119475543
QF_LRA/LassoRanker/CooperatingT2/hongyi1.t2.c_Iteration1_Loop_4-lexTemplate.smt2,Yices2,True,1.8907041510101408,1.8907041510101408
QF_LRA/LassoRanker/CooperatingT2/afagp-fail.t2.c_Iteration1_Lasso_7-phaseTemplate.smt2,OpenSMT,True,0.9132091528736055,0.9132091528736055
QF_LRA/sal/windowreal/windowreal-no_t_deadlock-14.smt2,Yices2,True,0.2450822670944035,0.2450822670944035
QF_LRA/sc/sc-34.induction3.cvc.smt2,OpenSMT,True,0.6390485689043999,0.6390485689043999
QF_LRA/latendresse/ecoliFBAyicesTest-15875-16.smt2,Z3alpha,True,0.5003919887822121,0.5003919887822121
QF_LRA/sc/sc-39.induction3.cvc.smt2,Yices2,True,0.28983067790977657,0.28983067790977657
QF_LRA/DTP-Scheduling/constraints-temporal-machine-shop-2-3-A05.smt2,Yices2,True,0.21470821602270007,0.21470821602270007
QF_LRA/LassoRanker/SV-COMP/NoriSharma-2013FSE-Fig8_true-termination.c_Iteration1_Lasso_7-phaseTemplate.smt2,Yices2,False,1200,2400
QF_LRA/uart/uart-21.base.cvc.smt2,Yices2,True,3.200618303846568,3.200618303846568
QF_LRA/LassoRanker/SV-COMP/aviad_true-termination.c_Iteration1_Loop_3-lexTemplate.smt2,Yices2,True,2.0599880369845778,2.0599880369845778
QF_LRA/2019-ezsmt/blending/17.smt2,Yices2,True,0.23720653099007905,0.23720653099007905
QF_LRA/LassoRanker/Ultimate/yPositive-SIscaled50.bpl_Iteration1_Loop_4-pieceTemplate.smt2,OpenSMT,True,9.70185520593077,9.70185520593077
QF_LRA/uart/uart-18.induction.cvc.smt2,OpenSMT,True,0.49637779383920133,0.49637779383920133
QF_LRA/spider_benchmarks/pd_not_fs_seen.induction.smt2,Yices2,True,0.21173077286221087,0.21173077286221087
QF_LRA/sc/sc-10.induction.cvc.smt2,Yices2,True,0.21568985283374786,0.21568985283374786
QF_LRA/LassoRanker/CooperatingT2/ex11.t2.c_Iteration1_Lasso_3-pieceTemplate.smt2,OpenSMT,False,1200,2400
QF_LRA/tta_startup/simple_startup_15nodes.bug.induct.smt2,Yices2,True,10.065988949965686,10.065988949965686
QF_LRA/uart/uart-12.base.cvc.smt2,OpenSMT,True,0.5365646621212363,0.5365646621212363
QF_LRA/LassoRanker/CooperatingT2/elmhes.t2.c_Iteration2_Loop_7-phaseTemplate.smt2,OpenSMT,True,3.815524565987289,3.815524565987289
QF_LRA/sal/windowreal/windowreal-no_t_deadlock-9.smt2,Yices2,True,0.21906353603117168,0.21906353603117168
QF_LRA/uart/uart-17.base.cvc.smt2,OpenSMT,True,1.582632047822699,1.582632047822699
QF_LRA/sc/sc-16.base.cvc.smt2,OpenSMT,True,0.6970407210756093,0.6970407210756093
QF_LRA/sal/pursuit/pursuit-safety-16.smt2,OpenSMT,True,0.3017508580815047,0.3017508580815047
QF_LRA/tta_startup/simple_startup_11nodes.abstract.induct.smt2,OpenSMT,True,35.291371111990884,35.291371111990884
QF_LRA/tta_startup/simple_startup_8nodes.synchro.base.smt2,OpenSMT,True,0.2661800510250032,0.2661800510250032
QF_LRA/2019-ezsmt/blending/23.smt2,Yices2,True,0.2516768481582403,0.2516768481582403
QF_LRA/latendresse/ecoliFBAyicesTest-63875-64.smt2,Z3alpha,True,0.5307693411596119,0.5307693411596119
QF_LRA/sc/sc-31.induction3.cvc.smt2,OpenSMT,True,0.4783323290757835,0.4783323290757835
QF_LRA/LassoRanker/CooperatingT2/firewire.t2.c_Iteration1_Lasso_4-phaseTemplate.smt2,OpenSMT,True,14.812669347040355,14.812669347040355
QF_LRA/LassoRanker/Ultimate/BradleyMannaSipma-2005ICALP-Fig1-deterministic.bpl_Iteration1_Lasso_4-pieceTemplate.smt2,OpenSMT,True,8.752666147891432,8.752666147891432
QF_LRA/LassoRanker/CooperatingT2/ndes.t2.c_Iteration3_Loop_7-phaseTemplate.smt2,Yices2,True,6.385782094905153,6.385782094905153
QF_LRA/2019-ezsmt/blending/27.smt2,Yices2,True,0.21374960709363222,0.21374960709363222
QF_LRA/DTP-Scheduling/constraints-cooking13.smt2,Yices2,True,0.21213877410627902,0.21213877410627902
QF_LRA/clock_synchro/clocksynchro_3clocks.main_invar.induct.smt2,OpenSMT,True,0.47432768787257373,0.47432768787257373
QF_LRA/sc/sc-19.induction2.cvc.smt2,OpenSMT,True,0.4015406221151352,0.4015406221151352
QF_LRA/keymaera/water_tank-node21443.smt2,Yices2,True,0.21173140010796487,0.21173140010796487
QF_LRA/TM/p2-zenonumeric_s6.smt2,Yices2,True,0.2439016520511359,0.2439016520511359
QF_LRA/DTP-Scheduling/constraints-tempo-width-10.smt2,Yices2,True,0.21606919704936445,0.21606919704936445
QF_LRA/LassoRanker/Ultimate/simple-scaled250.bpl_Iteration1_Lasso_5-phaseTemplate.smt2,Yices2,True,26.006799264112487,26.006799264112487
QF_LRA/2019-ezsmt/robotics/2_4.smt2,Yices2,True,0.21097892709076405,0.21097892709076405
QF_LRA/sal/tgc/tgc_io-nosafe-3.smt2,Yices2,True,0.21427769400179386,0.21427769400179386
QF_LRA/LassoRanker/CooperatingT2/p-43.t2.c_Iteration5_Loop_4-pieceTemplate.smt2,OpenSMT,True,3.5157231998164207,3.5157231998164207
QF_LRA/2019-ezsmt/routingMin/SCC_strong/d90.7.smt2,Yices2,True,0.2510075068566948,0.2510075068566948
QF_LRA/LassoRanker/CooperatingT2/magic.t2.c_Iteration12_Loop_7-phaseTemplate.smt2,Yices2,True,3.294454064918682,3.294454064918682
QF_LRA/LassoRanker/Ultimate/NoriSharma-2013FSE-Fig7.bpl_Iteration1_Loop_7-phaseTemplate.smt2,OpenSMT,True,3.7409720360301435,3.7409720360301435
QF_LRA/sc/sc-10.induction2.cvc.smt2,Yices2,True,0.21889921999536455,0.21889921999536455
QF_LRA/LassoRanker/CooperatingT2/firewire.t2.c_Iteration1_Lasso_2-pieceTemplate.smt2,Yices2,True,11.54823239101097,11.54823239101097
QF_LRA/DTP-Scheduling/constraints-tempo-depth-100.smt2,Yices2,True,0.2472040879074484,0.2472040879074484
QF_LRA/2019-ezsmt/Labyrinth/SCC_Strong/0003-labyrinth-11-0.smt2,Yices2,True,1.121891908114776,1.121891908114776
QF_LRA/LassoRanker/SV-COMP/GulwaniJainKoskinen-2009PLDI-Fig1_true-termination.c_Iteration1_Lasso_7-phaseTemplate.smt2,Yices2,True,4.522818248020485,4.522818248020485
QF_LRA/spider_benchmarks/pd_no_op_accs.base.smt2,Yices2,True,0.21442527091130614,0.21442527091130614
QF_LRA/LassoRanker/CooperatingT2/brp_withassume.t2.c_Iteration8_Loop_5-phaseTemplate.smt2,Yices2,True,54.578146995045245,54.578146995045245
QF_LRA/TM/p-driverlogNumeric_s7.smt2,Yices2,True,0.24222049280069768,0.24222049280069768
QF_LRA/LassoRanker/Ultimate/bound-scaled400.bpl_Iteration1_Loop_4-pieceTemplate.smt2,Yices2,True,42.16143483412452,42.16143483412452
QF_LRA/miplib/vpm2-13.75.smt2,OpenSMT,True,294.05707727302797,294.05707727302797
QF_LRA/sc/sc-8.induction.cvc.smt2,Yices2,True,0.21438143705017865,0.21438143705017865
QF_LRA/LassoRanker/CooperatingT2/ludcmp.c.i.ludcmp.pl.t2.fixed.t2.c_Iteration10_Loop_6-phaseTemplate.smt2,OpenSMT,True,14.237958729965612,14.237958729965612
QF_LRA/sc/sc-17.induction.cvc.smt2,Yices2,True,0.22469092207029462,0.22469092207029462
QF_LRA/LassoRanker/CooperatingT2/sas2.t2.c_Iteration5_Loop_4-pieceTemplate.smt2,OpenSMT,True,10.10185741004534,10.10185741004534
QF_LRA/2019-ezsmt/travellingSalesperson/rand_80_340_1159656267_0.lp.smt2,Yices2,True,3.0085580619052052,3.0085580619052052
QF_LRA/LassoRanker/CooperatingT2/firewire.t2.c_Iteration1_Lasso_4-lexTemplate.smt2,Yices2,True,9.169750042958185,9.169750042958185
QF_LRA/clock_synchro/clocksynchro_2clocks.main_invar.induct.smt2,OpenSMT,True,0.310205145040527,0.310205145040527
QF_LRA/uart/uart-34.induction.cvc.smt2,Yices2,True,0.8888369370251894,0.8888369370251894
QF_LRA/2017-Heizmann-UltimateInvariantSynthesis/_standard_two_index_01.i_3_2_2.bpl_11.smt2,OpenSMT,True,29.95167649211362,29.95167649211362
QF_LRA/LassoRanker/CooperatingT2/sas2.t2.c_Iteration6_Lasso_6-phaseTemplate.smt2,OpenSMT,True,35.8551852949895,35.8551852949895
QF_LRA/LassoRanker/CooperatingT2/sas2.t2.c_Iteration3_Lasso_6-phaseTemplate.smt2,OpenSMT,True,13.60493307793513,13.60493307793513
QF_LRA/2019-ezsmt/robotics/3_1.smt2,Yices2,True,0.21240787510760128,0.21240787510760128
QF_LRA/sal/windowreal/windowreal-no_t_deadlock-11.smt2,Yices2,True,0.22125296597369015,0.22125296597369015
QF_LRA/sal/windowreal/windowreal-no_t_deadlock-15.smt2,Yices2,True,0.21802892605774105,0.21802892605774105
QF_LRA/sc/sc-27.induction2.cvc.smt2,Z3alpha,True,0.6088523650541902,0.6088523650541902
QF_LRA/sc/sc-24.induction2.cvc.smt2,OpenSMT,True,0.5166907291859388,0.5166907291859388
QF_LRA/LassoRanker/SV-COMP/aviad_true-termination.c_Iteration1_Loop_4-phaseTemplate.smt2,Yices2,True,3.225795218953863,3.225795218953863
QF_LRA/LassoRanker/CooperatingT2/toeplz.c.i.toeplz.pl.t2.fixed.t2.c_Iteration9_Loop_7-phaseTemplate.smt2,OpenSMT,True,1.4991162449587137,1.4991162449587137
QF_LRA/sc/sc-21.induction.cvc.smt2,Yices2,True,0.24567307601682842,0.24567307601682842
QF_LRA/LassoRanker/Ultimate/simple-scaled100.bpl_Iteration1_Lasso_6-phaseTemplate.smt2,Yices2,True,1.0978023959323764,1.0978023959323764
QF_LRA/TM/p4-zenonumeric_s5.smt2,Yices2,True,0.22491782903671265,0.22491782903671265
QF_LRA/2017-Heizmann-UltimateInvariantSynthesis/_const1.i_3_6_2.bpl_11.smt2,OpenSMT,True,527.2164273080416,527.2164273080416
QF_LRA/LassoRanker/SV-COMP/NoriSharma-2013FSE-Fig8_true-termination.c_Iteration1_Lasso_6-phaseTemplate.smt2,Yices2,True,86.02267343108542,86.02267343108542
QF_LRA/DTP-Scheduling/constraints-tempo-depth-50.smt2,Yices2,True,0.23597932001575828,0.23597932001575828
QF_LRA/LassoRanker/Ultimate/Collatz.bpl_Iteration1_Loop_6-phaseTemplate.smt2,Yices2,True,1.2352267790120095,1.2352267790120095
QF_LRA/LassoRanker/Ultimate/Lobnya-Boolean-Reordered.bpl_Iteration1_Loop_7-phaseTemplate.smt2,OpenSMT,True,3.7481468580663204,3.7481468580663204
QF_LRA/sal/tgc/tgc_io-safe-7.smt2,Yices2,True,0.21467991988174617,0.21467991988174617
QF_LRA/2019-ezsmt/blending/19.smt2,Yices2,True,0.21905714785680175,0.21905714785680175
QF_LRA/TM/p7-driverlogNumeric_s8.smt2,Yices2,True,3.308676172979176,3.308676172979176
QF_LRA/sc/sc-22.induction3.cvc.smt2,OpenSMT,True,0.3844077200628817,0.3844077200628817
QF_LRA/sc/sc-36.induction.cvc.smt2,Z3alpha,True,0.48512565018609166,0.48512565018609166
QF_LRA/uart/uart-22.induction.cvc.smt2,OpenSMT,True,0.623787818942219,0.623787818942219
QF_LRA/uart/uart-6.induction.cvc.smt2,Yices2,True,0.24706244794651866,0.24706244794651866
QF_LRA/2019-ezsmt/Labyrinth/SCC_Strong/0075-labyrinth-13-0.smt2,Yices2,True,253.7149355879519,253.7149355879519
QF_LRA/2019-ezsmt/blending/2.smt2,Yices2,True,0.21996779297478497,0.21996779297478497
QF_LRA/LassoRanker/CooperatingT2/ludcmp.c.i.ludcmp.pl.t2.fixed.t2.c_Iteration8_Loop_7-phaseTemplate.smt2,OpenSMT,True,2.7314901968929917,2.7314901968929917
QF_LRA/sc/sc-23.induction3.cvc.smt2,OpenSMT,True,0.3792201611213386,0.3792201611213386
QF_LRA/LassoRanker/CooperatingT2/smagillc-fail.t2.c_Iteration1_Loop_7-phaseTemplate.smt2,OpenSMT,True,1.0212038119789213,1.0212038119789213
QF_LRA/2017-Heizmann-UltimateInvariantSynthesis/_standard_two_index_05.i_3_2_2.bpl_7.smt2,cvc5,True,1.2563349779229611,1.2563349779229611
QF_LRA/LassoRanker/Ultimate/OpposedDisjuncts.bpl_Iteration1_Lasso_3-pieceTemplate.smt2,OpenSMT,True,17.475815346930176,17.475815346930176
QF_LRA/clock_synchro/clocksynchro_9clocks.main_invar.base.smt2,OpenSMT,True,0.32375378208234906,0.32375378208234906
QF_LRA/LassoRanker/CooperatingT2/polyrank4.t2.c_Iteration10_Loop_7-phaseTemplate.smt2,OpenSMT,True,1.8478797960560769,1.8478797960560769
QF_LRA/LassoRanker/CooperatingT2/brp_withassume.t2.c_Iteration8_Loop_3-pieceTemplate.smt2,Yices2,True,20.902396446093917,20.902396446093917
QF_LRA/LassoRanker/Ultimate/SyntaxSupportBooleans5.bpl_Iteration1_Loop_4-pieceTemplate.smt2,OpenSMT,True,3.374288083985448,3.374288083985448
QF_LRA/2019-ezsmt/Labyrinth/SCC_Strong/0206-labyrinth-20-0.smt2,Yices2,True,1083.6975419961382,1083.6975419961382
QF_LRA/sal/windowreal/windowreal-no_t_deadlock-18.smt2,Yices2,True,0.23668093304149806,0.23668093304149806
QF_LRA/sal/carpark/Carpark2-t1-3.smt2,Yices2,True,0.21773647400550544,0.21773647400550544
QF_LRA/miplib/pk1-50.smt2,Z3alpha,True,11.142659574979916,11.142659574979916
QF_LRA/LassoRanker/CooperatingT2/matrixsqrt.t2.c_Iteration12_Loop_4-pieceTemplate.smt2,OpenSMT,True,0.9422325768973678,0.9422325768973678
QF_LRA/sal/tgc/tgc_io-safe-14.smt2,Yices2,True,0.2314456100575626,0.2314456100575626
QF_LRA/LassoRanker/CooperatingT2/ludcmp.c.i.ludcmp.pl.t2.fixed.t2.c_Iteration9_Loop_7-phaseTemplate.smt2,Yices2,False,1200,2400
QF_LRA/sc/sc-6.induction.cvc.smt2,Yices2,True,0.21430544694885612,0.21430544694885612
QF_LRA/clock_synchro/clocksynchro_6clocks.worst_case_skew.induct.smt2,OpenSMT,True,1.4025036860257387,1.4025036860257387
QF_LRA/LassoRanker/Ultimate/simple-scaled200.bpl_Iteration1_Lasso_5-phaseTemplate.smt2,Yices2,True,10.740789710078388,10.740789710078388
QF_LRA/LassoRanker/CooperatingT2/afagp-fail.t2.c_Iteration1_Lasso_4-pieceTemplate.smt2,OpenSMT,False,1200,2400
QF_LRA/LassoRanker/Ultimate/TelAviv-AmirMinimum.bpl_Iteration1_Loop_3-pieceTemplate.smt2,Yices2,True,1.695533363847062,1.695533363847062
QF_LRA/sc/sc-34.base.cvc.smt2,OpenSMT,True,3.979313172167167,3.979313172167167
QF_LRA/LassoRanker/CooperatingT2/sumit.t2.c_Iteration2_Loop_6-phaseTemplate.smt2,Yices2,True,23.778724305098876,23.778724305098876
QF_LRA/clock_synchro/clocksynchro_4clocks.worst_case_skew.induct.smt2,OpenSMT,True,0.3553343750536442,0.3553343750536442
QF_LRA/sc/sc-37.base.cvc.smt2,OpenSMT,True,4.098494235891849,4.098494235891849
QF_LRA/uart/uart-18.base.cvc.smt2,OpenSMT,True,1.8365547510329634,1.8365547510329634
QF_LRA/miplib/danoint-166.smt2,OpenSMT,True,15.726286269025877,15.726286269025877
QF_LRA/sc/sc-5.induction3.cvc.smt2,Yices2,True,0.21477377298288047,0.21477377298288047
QF_LRA/2017-Heizmann-UltimateInvariantSynthesis/_standard_partial_init_ground.i_3_2_2.bpl_11.smt2,OpenSMT,True,92.74833579501137,92.74833579501137
QF_LRA/sal/tgc/tgc_io-safe-6.smt2,Yices2,True,0.23903027595952153,0.23903027595952153
QF_LRA/TM/p5-zenonumeric_s7.smt2,Yices2,True,0.2612069759052247,0.2612069759052247
QF_LRA/sc/sc-40.base.cvc.smt2,OpenSMT,True,5.846812586998567,5.846812586998567
QF_LRA/LassoRanker/Ultimate/Collatz.bpl_Iteration1_Loop_5-phaseTemplate.smt2,Yices2,True,2.019320450956002,2.019320450956002
QF_LRA/LassoRanker/CooperatingT2/eric.t2.c_Iteration1_Lasso_3-pieceTemplate.smt2,OpenSMT,True,16.74673371715471,16.74673371715471
QF_LRA/tta_startup/simple_startup_3nodes.synchro.induct.smt2,Yices2,True,0.2148649669252336,0.2148649669252336
QF_LRA/2017-Heizmann-UltimateInvariantSynthesis/_standard_strcpy_original.i_3_3_2.bpl_11.smt2,OpenSMT,True,124.03616105206311,124.03616105206311
QF_LRA/2017-Heizmann-UltimateInvariantSynthesis/_nested9.i_5_6_6.bpl_7.smt2,OpenSMT,False,1200,2400
QF_LRA/miplib/vpm2-0.smt2,OpenSMT,True,1.0669895010069013,1.0669895010069013
QF_LRA/uart/uart-11.induction.cvc.smt2,OpenSMT,True,0.3422742639668286,0.3422742639668286
QF_LRA/clock_synchro/clocksynchro_3clocks.worst_case_skew.induct.smt2,OpenSMT,True,0.25505096605047584,0.25505096605047584
QF_LRA/sc/sc-29.induction.cvc.smt2,OpenSMT,True,0.42487189010716975,0.42487189010716975
QF_LRA/2017-Heizmann-UltimateInvariantSynthesis/_standard_copy3_ground.i_3_2_2.bpl_7.smt2,Z3alpha,True,12.505497438833117,12.505497438833117
QF_LRA/LassoRanker/CooperatingT2/brp_withassume.t2.c_Iteration8_Loop_4-lexTemplate.smt2,Yices2,True,2.852021062048152,2.852021062048152
QF_LRA/LassoRanker/SV-COMP/BradleyMannaSipma-2005ICALP-Fig1_true-termination.c_Iteration1_Lasso_5-phaseTemplate.smt2,OpenSMT,True,1.007776863174513,1.007776863174513
QF_LRA/latendresse/ecoliMILPglycerolYices3-100000.smt2,cvc5,True,49.035213836003095,49.035213836003095
QF_LRA/sc/sc-30.induction3.cvc.smt2,OpenSMT,True,0.6044496248941869,0.6044496248941869
QF_LRA/LassoRanker/CooperatingT2/p-55.t2.c_Iteration3_Loop_4-pieceTemplate.smt2,OpenSMT,True,4.2566057331860065,4.2566057331860065
QF_LRA/2019-ezsmt/Labyrinth/SCC_Strong/0059-labyrinth-13-0.smt2,Yices2,True,9.432174958055839,9.432174958055839
QF_LRA/LassoRanker/CooperatingT2/sort.t2.c_Iteration5_Loop_7-phaseTemplate.smt2,OpenSMT,True,3.6137402730528265,3.6137402730528265
QF_LRA/2017-Heizmann-UltimateInvariantSynthesis/_standard_compareModified_ground.i_4_2_2.bpl_11.smt2,OpenSMT,True,59.98499862803146,59.98499862803146
QF_LRA/2019-ezsmt/Labyrinth/SCC_Strong/0175-labyrinth-15-0.smt2,Yices2,True,66.41966808401048,66.41966808401048
QF_LRA/latendresse/ecoliFBAyicesTest-31875-32.smt2,Z3alpha,True,0.5008113470394164,0.5008113470394164
QF_LRA/sc/sc-25.induction.cvc.smt2,Yices2,True,0.2841081889346242,0.2841081889346242
QF_LRA/sc/sc-9.induction3.cvc.smt2,OpenSMT,True,0.26047065295279026,0.26047065295279026
QF_LRA/LassoRanker/Ultimate/yPositive-SIscaled50.bpl_Iteration1_Loop_5-phaseTemplate.smt2,OpenSMT,True,1.520494112977758,1.520494112977758
QF_LRA/sal/tgc/tgc_io-safe-20.smt2,Yices2,True,0.234753028023988,0.234753028023988
QF_LRA/uart/uart-11.base.cvc.smt2,OpenSMT,True,0.43992311717011034,0.43992311717011034
QF_LRA/tropical-matrix/constraint-330061.smt2,OpenSMT,True,31.72281076014042,31.72281076014042
QF_LRA/2017-Heizmann-UltimateInvariantSynthesis/_gj2007.c.i_4_3_3.bpl_11.smt2,OpenSMT,False,1200,2400
QF_LRA/LassoRanker/SV-COMP/GulwaniJainKoskinen-2009PLDI-Fig1_true-termination.c_Iteration1_Lasso_5-nestedTemplate.smt2,Yices2,True,0.6452604599762708,0.6452604599762708
QF_LRA/uart/uart-19.induction.cvc.smt2,Yices2,True,0.33228540094569325,0.33228540094569325
QF_LRA/tta_startup/simple_startup_6nodes.missing.induct.smt2,OpenSMT,True,0.5252604901324958,0.5252604901324958
QF_LRA/sc/sc-20.base.cvc.smt2,OpenSMT,True,1.0286150970496237,1.0286150970496237
QF_LRA/spider_benchmarks/fs_frame_gap.induction.smt2,Yices2,True,0.24724369612522423,0.24724369612522423
QF_LRA/DTP-Scheduling/constraints-tempo-matrix5x5.pddl.smt2,Yices2,True,0.2210579968523234,0.2210579968523234
QF_LRA/clock_synchro/clocksynchro_9clocks.worst_case_skew.induct.smt2,OpenSMT,True,6.010745594045147,6.010745594045147
QF_LRA/tta_startup/simple_startup_5nodes.missing.induct.smt2,Yices2,True,0.3117251240182668,0.3117251240182668
QF_LRA/sc/sc-26.induction.cvc.smt2,Yices2,True,0.3197697380091995,0.3197697380091995
QF_LRA/LassoRanker/Ultimate/Canberra.bpl_Iteration1_Lasso_6-phaseTemplate.smt2,Yices2,True,2.831241528969258,2.831241528969258
QF_LRA/2019-ezsmt/blending/13.smt2,Yices2,True,3.896425975020975,3.896425975020975
QF_LRA/sc/sc-7.base.cvc.smt2,Yices2,True,0.26991505292244256,0.26991505292244256
QF_LRA/spider_benchmarks/sc_init_frame_gap.induction.smt2,Yices2,True,0.24325933400541544,0.24325933400541544
QF_LRA/sc/sc-38.induction2.cvc.smt2,OpenSMT,True,0.7508097270037979,0.7508097270037979
QF_LRA/sal/windowreal/windowreal-no_t_deadlock-20.smt2,Yices2,True,0.2218807979952544,0.2218807979952544
QF_LRA/uart/uart-29.base.cvc.smt2,Yices2,True,8.677428130991757,8.677428130991757
QF_LRA/2017-Heizmann-UltimateInvariantSynthesis/_sorting_bubblesort_ground.i_4_3_3.bpl_11.smt2,OpenSMT,True,157.45726706506684,157.45726706506684
QF_LRA/sc/sc-7.induction3.cvc.smt2,OpenSMT,True,0.26664927089586854,0.26664927089586854
QF_LRA/sc/sc-31.induction.cvc.smt2,OpenSMT,True,0.5818666969425976,0.5818666969425976
QF_LRA/DTP-Scheduling/constraints-temporal-machine-shop-2-3-A06.smt2,Yices2,True,0.2131371540017426,0.2131371540017426
QF_LRA/sc/sc-38.base.cvc.smt2,OpenSMT,True,5.463063951814547,5.463063951814547
QF_LRA/clock_synchro/clocksynchro_10clocks.main_invar.induct.smt2,OpenSMT,True,25.273911193944514,25.273911193944514
QF_LRA/LassoRanker/CooperatingT2/brp_withassume.t2.c_Iteration1_Loop_5-phaseTemplate.smt2,Yices2,True,15.110397420823574,15.110397420823574
QF_LRA/LassoRanker/SV-COMP/joey_false-termination.c_Iteration2_Loop_4-pieceTemplate.smt2,OpenSMT,True,1.8680645420681685,1.8680645420681685
QF_LRA/sal/pursuit/pursuit-safety-20.smt2,OpenSMT,True,0.34216093900613487,0.34216093900613487
QF_LRA/LassoRanker/Ultimate/BenAmram-2010LMCS-Ex2.3.bpl_Iteration1_Loop_4-pieceTemplate.smt2,OpenSMT,True,15.646084595937282,15.646084595937282
QF_LRA/uart/uart-21.induction.cvc.smt2,Yices2,True,0.27873079804703593,0.27873079804703593
QF_LRA/LassoRanker/SV-COMP/TelAviv-Amir-Minimum_true-termination.c_Iteration1_Lasso_2-pieceTemplate.smt2,Yices2,True,12.095980272861198,12.095980272861198
QF_LRA/miplib/pk1-0.smt2,Z3alpha,False,1200,2400
QF_LRA/LassoRanker/CooperatingT2/brp_withassume.t2.c_Iteration1_Loop_2-pieceTemplate.smt2,Yices2,True,1.6700140011962503,1.6700140011962503
QF_LRA/spider_benchmarks/fs_frame_gap.base.smt2,Yices2,True,0.2248695669695735,0.2248695669695735
QF_LRA/sal/windowreal/windowreal-no_t_deadlock-4.smt2,Yices2,True,0.24230285012163222,0.24230285012163222
QF_LRA/LassoRanker/SV-COMP/CookSeeZuleger-2013TACAS-Fig7b_true-termination.c_Iteration1_Loop_3-nestedTemplate.smt2,Yices2,True,9.390760079026222,9.390760079026222
QF_LRA/sc/sc-39.induction.cvc.smt2,OpenSMT,True,0.6884367519523948,0.6884367519523948
QF_LRA/tta_startup/simple_startup_10nodes.bug.induct.smt2,OpenSMT,True,6.699723081896082,6.699723081896082
QF_LRA/sal/gasburner/gasburner-prop3-11.smt2,Yices2,True,0.2201230290811509,0.2201230290811509
QF_LRA/LassoRanker/CooperatingT2/sumit.t2.c_Iteration2_Loop_5-phaseTemplate.smt2,Yices2,True,16.670868742046878,16.670868742046878
QF_LRA/miplib/opt1217--11.smt2,Z3alpha,True,1.315971011063084,1.315971011063084
QF_LRA/2017-Heizmann-UltimateInvariantSynthesis/_fragtest_simple.i_4_5_4.bpl_7.smt2,OpenSMT,True,3.882067359983921,3.882067359983921
QF_LRA/tta_startup/simple_startup_10nodes.missing.induct.smt2,OpenSMT,True,0.619713373016566,0.619713373016566
QF_LRA/2019-ezsmt/Labyrinth/SCC_Strong/0143-labyrinth-14-0.smt2,Yices2,True,46.9850673279725,46.9850673279725
QF_LRA/sal/tgc/tgc_io-nosafe-6.smt2,Yices2,True,0.24193124403245747,0.24193124403245747
QF_LRA/sc/sc-39.base.cvc.smt2,OpenSMT,True,10.694711274001747,10.694711274001747
QF_LRA/LassoRanker/SV-COMP/NoriSharma-2013FSE-Fig8_true-termination.c_Iteration1_Loop_5-phaseTemplate.smt2,OpenSMT,True,1.684032591059804,1.684032591059804
QF_LRA/sc/sc-15.induction2.cvc.smt2,OpenSMT,True,0.3789160749875009,0.3789160749875009
QF_LRA/LassoRanker/CooperatingT2/loop3.t2.c_Iteration25_Lasso_4-pieceTemplate.smt2,OpenSMT,True,0.6641226490028203,0.6641226490028203
QF_LRA/LassoRanker/CooperatingT2/ludcmp.c.i.ludcmp.pl.t2.fixed.t2.c_Iteration8_Loop_6-phaseTemplate.smt2,OpenSMT,True,1.2211346328258514,1.2211346328258514
QF_LRA/DTP-Scheduling/constraints-tempo-width-8.smt2,Yices2,True,0.21245988295413554,0.21245988295413554
QF_LRA/sal/pursuit/pursuit-safety-19.smt2,OpenSMT,True,0.4008421329781413,0.4008421329781413
QF_LRA/LassoRanker/CooperatingT2/ludcmp.t2.c_Iteration7_Loop_7-phaseTemplate.smt2,OpenSMT,True,2.2119321669451892,2.2119321669451892
QF_LRA/sal/pursuit/pursuit-safety-6.smt2,Yices2,True,0.21699685300700366,0.21699685300700366
QF_LRA/miplib/pk1-20.smt2,Z3alpha,False,1200,2400
QF_LRA/clock_synchro/clocksynchro_8clocks.main_invar.base.smt2,OpenSMT,True,0.2992182429879904,0.2992182429879904
QF_LRA/LassoRanker/SV-COMP/GulwaniJainKoskinen-2009PLDI-Fig1_true-termination.c_Iteration1_Lasso_3-pieceTemplate.smt2,Yices2,True,108.85038264095783,108.85038264095783
QF_LRA/DTP-Scheduling/constraints-cooking12.smt2,Yices2,True,0.22806504694744945,0.22806504694744945
QF_LRA/sc/sc-9.induction2.cvc.smt2,Yices2,True,0.21892813104204834,0.21892813104204834
QF_LRA/LassoRanker/Ultimate/SyntaxSupportDivision1.bpl_Iteration1_Lasso_5-phaseTemplate.smt2,Yices2,True,1.8168582068756223,1.8168582068756223
QF_LRA/sal/tgc/tgc_io-nosafe-7.smt2,Yices2,True,0.24475552095100284,0.24475552095100284
QF_LRA/tta_startup/simple_startup_12nodes.abstract.induct.smt2,OpenSMT,True,54.29715786501765,54.29715786501765
QF_LRA/uart/uart-15.base.cvc.smt2,OpenSMT,True,0.9444382209330797,0.9444382209330797
QF_LRA/spider_benchmarks/pd_no_op_accs.induction.smt2,Yices2,True,0.2120844239834696,0.2120844239834696
QF_LRA/LassoRanker/CooperatingT2/firewire.t2.c_Iteration1_Lasso_5-phaseTemplate.smt2,Yices2,True,9.324275064980611,9.324275064980611
QF_LRA/LassoRanker/Ultimate/Braverman-2006CAV-Ex1-int.bpl_Iteration1_Lasso_7-phaseTemplate.smt2,OpenSMT,True,236.33017984591424,236.33017984591424
QF_LRA/uart/uart-7.base.cvc.smt2,Yices2,True,0.256406141910702,0.256406141910702
QF_LRA/TM/p6-zenonumeric_s5.smt2,Yices2,True,0.23762830789200962,0.23762830789200962
QF_LRA/keymaera/bouncing-ball-simple-node1628.smt2,Yices2,True,0.2297425540164113,0.2297425540164113
QF_LRA/sc/sc-38.induction.cvc.smt2,OpenSMT,True,0.5327764770481735,0.5327764770481735
QF_LRA/2017-Heizmann-UltimateInvariantSynthesis/_standard_two_index_06.i_3_2_2.bpl_7.smt2,cvc5,True,1.831968444865197,1.831968444865197
QF_LRA/LassoRanker/CooperatingT2/p-46.t2.c_Iteration2_Loop_4-pieceTemplate.smt2,OpenSMT,True,9.52419566991739,9.52419566991739
QF_LRA/miplib/pp08a-4000.smt2,OpenSMT,True,47.804608705919236,47.804608705919236
QF_LRA/TM/p2-driverlogNumeric_s10.smt2,Yices2,True,0.36013841815292835,0.36013841815292835
QF_LRA/LassoRanker/CooperatingT2/ludcmp.t2.c_Iteration9_Loop_7-phaseTemplate.smt2,Yices2,False,1200,2400
QF_LRA/LassoRanker/SV-COMP/GulwaniJainKoskinen-2009PLDI-Fig1_true-termination.c_Iteration1_Lasso_5-phaseTemplate.smt2,Yices2,True,1.3517938640434295,1.3517938640434295
QF_LRA/LassoRanker/SV-COMP/LeeJonesBen-Amram-2001POPL-Ex2_true-termination.c_Iteration1_Loop_7-phaseTemplate.smt2,OpenSMT,True,3.6652031680569053,3.6652031680569053
QF_LRA/LassoRanker/CooperatingT2/ludcmp.c.i.ludcmp.pl.t2.fixed.t2.c_Iteration9_Loop_5-phaseTemplate.smt2,OpenSMT,True,1.9459384989459068,1.9459384989459068
QF_LRA/sal/pursuit/pursuit-safety-2.smt2,Yices2,True,0.24229205190204084,0.24229205190204084
QF_LRA/LassoRanker/CooperatingT2/toeplz.t2.c_Iteration2_Loop_7-phaseTemplate.smt2,OpenSMT,True,9.67886893893592,9.67886893893592
QF_LRA/sal/tgc/tgc_io-safe-13.smt2,Yices2,True,0.28105542599223554,0.28105542599223554
QF_LRA/LassoRanker/CooperatingT2/sas2.t2.c_Iteration7_Loop_3-pieceTemplate.smt2,Yices2,True,22.485480980947614,22.485480980947614
QF_LRA/sal/gasburner/gasburner-prop3-18.smt2,Yices2,True,0.2160802900325507,0.2160802900325507
QF_LRA/sc/sc-19.induction.cvc.smt2,Yices2,True,0.2364324068184942,0.2364324068184942
QF_LRA/tta_startup/simple_startup_3nodes.missing.induct.smt2,Yices2,True,0.2246590768918395,0.2246590768918395
QF_LRA/tta_startup/simple_startup_15nodes.abstract.base.smt2,OpenSMT,True,0.3073985280934721,0.3073985280934721
QF_LRA/uart/uart-15.induction.cvc.smt2,OpenSMT,True,0.3886667659971863,0.3886667659971863
QF_LRA/DTP-Scheduling/constraints-cooking17.smt2,Yices2,True,0.2161542430985719,0.2161542430985719
QF_LRA/spider_benchmarks/synched.base.smt2,Yices2,True,0.23166727484203875,0.23166727484203875
QF_LRA/sc/sc-34.induction2.cvc.smt2,Z3alpha,True,0.5085029089823365,0.5085029089823365
QF_LRA/uart/uart-20.base.cvc.smt2,Yices2,True,2.637788539985195,2.637788539985195
QF_LRA/TM/p5-zenonumeric_s5.smt2,Yices2,True,0.25657757092267275,0.25657757092267275
QF_LRA/2019-ezsmt/blending/6.smt2,Yices2,True,5.614561622962356,5.614561622962356
QF_LRA/TM/p-0-bucket_s10.smt2,Yices2,True,0.24601225298829377,0.24601225298829377
QF_LRA/2017-Heizmann-UltimateInvariantSynthesis/_standard_copyInitSum3_ground.i_3_2_2.bpl_7.smt2,OpenSMT,True,24.419391964096576,24.419391964096576
QF_LRA/2019-ezsmt/Labyrinth/SCC_Strong/0067-labyrinth-18-0.smt2,Yices2,True,16.71497980109416,16.71497980109416
QF_LRA/tta_startup/simple_startup_14nodes.missing.induct.smt2,Yices2,True,1.3529117829166353,1.3529117829166353
QF_LRA/sal/tgc/tgc_io-safe-8.smt2,Yices2,True,0.2178025331813842,0.2178025331813842
QF_LRA/2019-ezsmt/routingMin/SCC_strong/d100.3.smt2,Yices2,True,0.24130104994401336,0.24130104994401336
QF_LRA/spider_benchmarks/pd_not_sc_seen.induction.smt2,Yices2,True,0.2368075519334525,0.2368075519334525
QF_LRA/miplib/pk1--1.smt2,Z3alpha,True,0.313634199090302,0.313634199090302
QF_LRA/sal/tgc/tgc_io-safe-16.smt2,Yices2,True,0.2638533799909055,0.2638533799909055
QF_LRA/sc/sc-15.induction3.cvc.smt2,OpenSMT,True,0.34224319783970714,0.34224319783970714
QF_LRA/sc/sc-33.base.cvc.smt2,OpenSMT,True,3.111472608987242,3.111472608987242
QF_LRA/DTP-Scheduling/constraints-tms-2-3-light-09.smt2,Yices2,True,0.2145469579845667,0.2145469579845667
QF_LRA/latendresse/ecoliFBAyicesTest-1875-2.smt2,Z3alpha,True,0.5123352000955492,0.5123352000955492
QF_LRA/tropical-matrix/constraint-1007893.smt2,Yices2,False,1200,2400
QF_LRA/DTP-Scheduling/constraints-temporal-machine-shop-2-3-A70.smt2,Yices2,True,0.23200122290290892,0.23200122290290892
QF_LRA/sc/sc-32.base.cvc.smt2,OpenSMT,True,4.825363730080426,4.825363730080426
QF_LRA/sc/sc-8.induction3.cvc.smt2,OpenSMT,True,0.25952591304667294,0.25952591304667294
QF_LRA/LassoRanker/CooperatingT2/sas2.t2.c_Iteration1_Lasso_3-pieceTemplate.smt2,OpenSMT,True,4.344368722988293,4.344368722988293
QF_LRA/tta_startup/simple_startup_4nodes.synchro.base.smt2,Yices2,True,0.21526827500201762,0.21526827500201762
QF_LRA/LassoRanker/CooperatingT2/p-46.t2.c_Iteration2_Loop_7-phaseTemplate.smt2,OpenSMT,True,12.049223092151806,12.049223092151806
QF_LRA/LassoRanker/Ultimate/simple-scaled100.bpl_Iteration1_Lasso_4-pieceTemplate.smt2,Yices2,True,10.335102382814512,10.335102382814512
QF_LRA/LassoRanker/SV-COMP/Ben-Amram-2010LMCS-Ex2.3_true-termination.c_Iteration1_Lasso_3-pieceTemplate.smt2,OpenSMT,True,7.205521363997832,7.205521363997832
QF_LRA/sal/windowreal/windowreal-no_t_deadlock-7.smt2,Yices2,True,0.21255734004080296,0.21255734004080296
QF_LRA/sal/tgc/tgc_io-nosafe-4.smt2,Yices2,True,0.21102294884622097,0.21102294884622097
QF_LRA/DTP-Scheduling/constraints-cooking10.smt2,Yices2,True,0.21367863798514009,0.21367863798514009
QF_LRA/LassoRanker/CooperatingT2/sas2.t2.c_Iteration5_Lasso_7-phaseTemplate.smt2,Yices2,False,1200,2400
QF_LRA/uart/uart-23.base.cvc.smt2,OpenSMT,True,4.148628934985027,4.148628934985027
QF_LRA/LassoRanker/SV-COMP/BradleyMannaSipma-2005CAV-Fig1_true-termination.c_Iteration1_Lasso_4-pieceTemplate.smt2,Yices2,True,40.08786462107673,40.08786462107673
QF_LRA/LassoRanker/Ultimate/Canberra.bpl_Iteration1_Lasso_7-phaseTemplate.smt2,Yices2,True,1031.748079569079,1031.748079569079
QF_LRA/sal/gasburner/gasburner-prop3-7.smt2,Yices2,True,0.21219419199042022,0.21219419199042022
QF_LRA/sc/sc-30.base.cvc.smt2,OpenSMT,True,3.4088631549384445,3.4088631549384445
QF_LRA/sal/pursuit/pursuit-safety-5.smt2,Yices2,True,0.21286192908883095,0.21286192908883095
QF_LRA/spider_benchmarks/frame_prop.base.smt2,Yices2,True,0.2120470160152763,0.2120470160152763
QF_LRA/LassoRanker/CooperatingT2/hongyi1.t2.c_Iteration1_Loop_4-pieceTemplate.smt2,Yices2,True,402.68991935113445,402.68991935113445
QF_LRA/LassoRanker/SV-COMP/aviad_true-termination.c_Iteration1_Loop_3-nestedTemplate.smt2,Yices2,True,1.253648763988167,1.253648763988167
QF_LRA/LassoRanker/CooperatingT2/ludcmp.t2.c_Iteration8_Loop_4-pieceTemplate.smt2,OpenSMT,True,19.313599676825106,19.313599676825106
QF_LRA/LassoRanker/Ultimate/simple-scaled200.bpl_Iteration1_Lasso_2-pieceTemplate.smt2,OpenSMT,True,28.297619773074985,28.297619773074985
QF_LRA/sc/sc-6.base.cvc.smt2,Yices2,True,0.23211965500377119,0.23211965500377119
QF_LRA/tropical-matrix/constraint-199552.smt2,OpenSMT,True,25.75014720391482,25.75014720391482
QF_LRA/2017-Heizmann-UltimateInvariantSynthesis/_relax.i_11_7_4.bpl_11.smt2,OpenSMT,True,52.025987569009885,52.025987569009885
QF_LRA/TM/p6-zenonumeric_s7.smt2,Yices2,True,0.31040005991235375,0.31040005991235375
QF_LRA/uart/uart-31.base.cvc.smt2,Yices2,True,14.33730452787131,14.33730452787131
QF_LRA/tta_startup/simple_startup_6nodes.abstract.base.smt2,Yices2,True,0.21444805106148124,0.21444805106148124
QF_LRA/LassoRanker/SV-COMP/TelAviv-Amir-Minimum_true-termination.c_Iteration1_Loop_4-pieceTemplate.smt2,Yices2,True,223.40123247611336,223.40123247611336
QF_LRA/sal/windowreal/windowreal-no_t_deadlock-19.smt2,Yices2,True,0.22415140294469893,0.22415140294469893
QF_LRA/DTP-Scheduling/constraints-cooking11.smt2,Yices2,True,0.27223935001529753,0.27223935001529753
QF_LRA/DTP-Scheduling/constraints-tempo-depth-9.smt2,Yices2,True,0.21076639299280941,0.21076639299280941
QF_LRA/LassoRanker/CooperatingT2/eric.t2.c_Iteration1_Lasso_4-pieceTemplate.smt2,OpenSMT,True,159.86750180087984,159.86750180087984
QF_LRA/sal/gasburner/gasburner-prop3-12.smt2,Yices2,True,0.21271880995482206,0.21271880995482206
QF_LRA/LassoRanker/CooperatingT2/fir.t2.c_Iteration4_Loop_6-phaseTemplate.smt2,OpenSMT,True,2.8386112300213426,2.8386112300213426
QF_LRA/sc/sc-13.base.cvc.smt2,Yices2,True,0.7502823800314218,0.7502823800314218
QF_LRA/tta_startup/simple_startup_6nodes.bug.induct.smt2,OpenSMT,True,0.5008870239835232,0.5008870239835232
QF_LRA/LassoRanker/Ultimate/NonTerminationDifficult.bpl_Iteration1_Lasso_7-phaseTemplate.smt2,OpenSMT,True,0.9500803491100669,0.9500803491100669
QF_LRA/2019-ezsmt/blending/15.smt2,Yices2,True,0.2142421519383788,0.2142421519383788
QF_LRA/sal/pursuit/pursuit-safety-9.smt2,Yices2,True,0.2190199769102037,0.2190199769102037
QF_LRA/tta_startup/simple_startup_14nodes.abstract.induct.smt2,Yices2,True,525.0207707181107,525.0207707181107
QF_LRA/LassoRanker/SV-COMP/BradleyMannaSipma-2005CAV-Fig1_true-termination.c_Iteration1_Lasso_6-phaseTemplate.smt2,Yices2,True,8.901440649060532,8.901440649060532
QF_LRA/spider_benchmarks/frame_prop.induction.smt2,Yices2,True,0.21090817195363343,0.21090817195363343
QF_LRA/sc/sc-16.induction.cvc.smt2,Yices2,True,0.25837224582210183,0.25837224582210183
QF_LRA/LassoRanker/Ultimate/simple-scaled200.bpl_Iteration1_Lasso_5-nestedTemplate.smt2,OpenSMT,True,1.2629337029065937,1.2629337029065937
QF_LRA/LassoRanker/CooperatingT2/hongyi1.t2.c_Iteration1_Loop_3-pieceTemplate.smt2,Yices2,True,15.32560345204547,15.32560345204547
QF_LRA/DTP-Scheduling/constraints-tms-2-3-light-70.smt2,Yices2,True,0.21959277102723718,0.21959277102723718
QF_LRA/tta_startup/simple_startup_11nodes.bug.induct.smt2,OpenSMT,True,13.329110526945442,13.329110526945442
QF_LRA/LassoRanker/CooperatingT2/selectSort.t2.c_Iteration3_Loop_7-phaseTemplate.smt2,OpenSMT,True,1.8229354771319777,1.8229354771319777
QF_LRA/2017-Heizmann-UltimateInvariantSynthesis/_array1.i_3_2_2.bpl_11.smt2,OpenSMT,True,36.07802799902856,36.07802799902856
QF_LRA/2019-ezsmt/Labyrinth/SCC_Strong/0132-labyrinth-12-0.smt2,Yices2,True,27.501574064139277,27.501574064139277
QF_LRA/sal/pursuit/pursuit-safety-13.smt2,Yices2,True,0.2205218938179314,0.2205218938179314
QF_LRA/DTP-Scheduling/constraints-cooking14.smt2,Yices2,True,0.2603356030303985,0.2603356030303985
QF_LRA/LassoRanker/Ultimate/GulwaniResetBranchOnly.bpl_Iteration1_Lasso_6-phaseTemplate.smt2,OpenSMT,True,1.1259987668599933,1.1259987668599933
QF_LRA/sal/carpark/Carpark2-ausgabe-6.smt2,Yices2,True,0.24294887599535286,0.24294887599535286
QF_LRA/2019-ezsmt/travellingSalesperson/tsp_rand_70_300_1155482584_7.lp.smt2,Yices2,True,0.2706222359556705,0.2706222359556705
QF_LRA/DTP-Scheduling/constraints-tempo-width-70.smt2,Yices2,True,0.3905138981062919,0.3905138981062919
QF_LRA/LassoRanker/Ultimate/simple-scaled200.bpl_Iteration1_Lasso_7-nestedTemplate.smt2,OpenSMT,True,1.6222445121966302,1.6222445121966302
QF_LRA/miplib/pp08a-11000.smt2,OpenSMT,True,0.2917852019891143,0.2917852019891143
QF_LRA/LassoRanker/SV-COMP/aviad_true-termination.c_Iteration1_Loop_5-nestedTemplate.smt2,Yices2,True,2.049727932084352,2.049727932084352
QF_LRA/LassoRanker/CooperatingT2/elmhes.c.i.elmhes.pl.t2.nor.t2.rlgfixed.t2.c_Iteration5_Loop_7-phaseTemplate.smt2,OpenSMT,True,53.68313774303533,53.68313774303533
QF_LRA/LassoRanker/SV-COMP/NoriSharma-2013FSE-Fig8_true-termination.c_Iteration1_Loop_4-pieceTemplate.smt2,Yices2,True,14.234023867873475,14.234023867873475
QF_LRA/LassoRanker/CooperatingT2/sumit.t2.c_Iteration2_Loop_4-pieceTemplate.smt2,Yices2,True,21.07235431089066,21.07235431089066
QF_LRA/LassoRanker/Ultimate/Gcd_havoc.bpl_Iteration1_Lasso_4-pieceTemplate.smt2,OpenSMT,True,18.91768688010052,18.91768688010052
QF_LRA/clock_synchro/clocksynchro_10clocks.main_invar.base.smt2,OpenSMT,True,0.36623570416122675,0.36623570416122675
QF_LRA/uart/uart-27.base.cvc.smt2,Yices2,True,8.258172631030902,8.258172631030902
QF_LRA/miplib/opt1217--1.smt2,Z3alpha,True,0.9539714439306408,0.9539714439306408
QF_LRA/2017-Heizmann-UltimateInvariantSynthesis/_gj2007.c.i_4_3_3.bpl_7.smt2,cvc5,True,6.065670903073624,6.065670903073624
QF_LRA/uart/uart-22.base.cvc.smt2,OpenSMT,True,3.3065466231200844,3.3065466231200844
QF_LRA/2017-Heizmann-UltimateInvariantSynthesis/_count_by_k.i_3_3_2.bpl_11.smt2,OpenSMT,True,71.33673108601943,71.33673108601943
QF_LRA/sal/pursuit/pursuit-safety-14.smt2,Yices2,True,0.23907355079427361,0.23907355079427361
QF_LRA/2019-ezsmt/travellingSalesperson/rand_70_300_1155482584_3.lp.smt2,Yices2,True,0.2756688359659165,0.2756688359659165
QF_LRA/uart/uart-14.induction.cvc.smt2,OpenSMT,True,0.36128123686648905,0.36128123686648905
QF_LRA/2019-ezsmt/robotics/2_1.smt2,Yices2,True,0.21166359283961356,0.21166359283961356
QF_LRA/2017-Heizmann-UltimateInvariantSynthesis/_standard_init5_ground.i_3_2_2.bpl_7.smt2,OpenSMT,True,31.75314771104604,31.75314771104604
QF_LRA/LassoRanker/SV-COMP/LeeJonesBen-Amram-2001POPL-Ex1_true-termination.c_Iteration1_Lasso_7-phaseTemplate.smt2,OpenSMT,True,2.531546754995361,2.531546754995361
QF_LRA/sc/sc-11.base.cvc.smt2,Yices2,True,0.4864435938652605,0.4864435938652605
QF_LRA/spider_benchmarks/bad_echos_ascend.induction.smt2,Yices2,True,0.2110510040074587,0.2110510040074587
QF_LRA/2017-Heizmann-UltimateInvariantSynthesis/_standard_init9_ground.i_3_2_2.bpl_7.smt2,OpenSMT,True,77.65810822695494,77.65810822695494
QF_LRA/miplib/opt1217--6.smt2,Z3alpha,True,0.97041937103495,0.97041937103495
QF_LRA/DTP-Scheduling/constraints-tms-2-3-light-80.smt2,Yices2,True,0.2547335899434984,0.2547335899434984
QF_LRA/sal/tgc/tgc_io-safe-19.smt2,Yices2,True,0.255013404879719,0.255013404879719
QF_LRA/LassoRanker/CooperatingT2/queens.t2.c_Iteration19_Loop_7-phaseTemplate.smt2,OpenSMT,True,2.0544572859071195,2.0544572859071195
QF_LRA/miplib/fixnet-7000.smt2,OpenSMT,False,1200,2400
QF_LRA/LassoRanker/Ultimate/OpposedDisjuncts.bpl_Iteration1_Lasso_2-pieceTemplate.smt2,OpenSMT,True,1.028779620071873,1.028779620071873
QF_LRA/LassoRanker/CooperatingT2/brp_withassume.t2.c_Iteration1_Loop_4-pieceTemplate.smt2,Yices2,True,401.85716290585697,401.85716290585697
QF_LRA/2017-Heizmann-UltimateInvariantSynthesis/_standard_copy4_ground.i_3_2_2.bpl_7.smt2,OpenSMT,True,19.725827964954078,19.725827964954078
QF_LRA/DTP-Scheduling/constraints-temporal-machine-shop-2-3-A10.smt2,Yices2,True,0.24136475496925414,0.24136475496925414
QF_LRA/sc/sc-36.base.cvc.smt2,OpenSMT,True,10.595629083923995,10.595629083923995
QF_LRA/LassoRanker/CooperatingT2/firewire.t2.c_Iteration1_Lasso_3-pieceTemplate.smt2,Yices2,True,133.6370658990927,133.6370658990927
QF_LRA/DTP-Scheduling/constraints-cooking08.smt2,Yices2,True,0.21189016103744507,0.21189016103744507
QF_LRA/LassoRanker/Ultimate/yPositive-SIscaled100.bpl_Iteration1_Loop_3-pieceTemplate.smt2,OpenSMT,True,5.837409836938605,5.837409836938605
QF_LRA/LassoRanker/SV-COMP/LeeJonesBen-Amram-2001POPL-Ex5_true-termination.c_Iteration2_Loop_7-phaseTemplate.smt2,OpenSMT,True,19.235587076982483,19.235587076982483
QF_LRA/LassoRanker/CooperatingT2/disj_nightmare.t2.c_Iteration1_Loop_4-pieceTemplate.smt2,Yices2,True,615.0535902681295,615.0535902681295
QF_LRA/LassoRanker/CooperatingT2/toeplz.t2.c_Iteration2_Loop_4-pieceTemplate.smt2,Yices2,True,6.464802026981488,6.464802026981488
QF_LRA/miplib/opt1217--16.smt2,Z3alpha,True,29.08493397803977,29.08493397803977
QF_LRA/LassoRanker/Ultimate/simple-scaled250.bpl_Iteration1_Lasso_5-nestedTemplate.smt2,OpenSMT,True,4.399914723122492,4.399914723122492
QF_LRA/LassoRanker/CooperatingT2/hongyi1.t2.c_Iteration9_Loop_3-pieceTemplate.smt2,Yices2,True,73.65743320900947,73.65743320900947
QF_LRA/2019-ezsmt/blending/input01.txt.smt2,Yices2,True,0.2178191349375993,0.2178191349375993
QF_LRA/uart/uart-39.base.cvc.smt2,OpenSMT,True,25.538596072001383,25.538596072001383
QF_LRA/TM/p-0-bucket_s13.smt2,Yices2,True,0.26046692207455635,0.26046692207455635
QF_LRA/spider_benchmarks/fs_no_op_accs.induction.smt2,Yices2,True,0.2176622438710183,0.2176622438710183
QF_LRA/2019-ezsmt/Labyrinth/SCC_Strong/0159-labyrinth-20-0.smt2,Yices2,False,1200,2400
QF_LRA/sc/sc-35.base.cvc.smt2,OpenSMT,True,5.9963858290575445,5.9963858290575445
QF_LRA/sc/sc-6.induction2.cvc.smt2,Yices2,True,0.2329062200151384,0.2329062200151384
QF_LRA/LassoRanker/SV-COMP/KroeningSharyginaTsitovichWintersteiger-2010CAV-Fig1_true-termination.c_Iteration1_Lasso_4-pieceTemplate.smt2,Yices2,True,143.2587705180049,143.2587705180049
QF_LRA/sc/sc-12.induction2.cvc.smt2,OpenSMT,True,0.2946981501299888,0.2946981501299888
QF_LRA/LassoRanker/Ultimate/yPositive-SIscaled100.bpl_Iteration1_Loop_6-phaseTemplate.smt2,OpenSMT,True,8.310203928966075,8.310203928966075
QF_LRA/LassoRanker/Ultimate/Braverman-2006CAV-Ex1-int.bpl_Iteration1_Loop_6-phaseTemplate.smt2,OpenSMT,True,65.64387520006858,65.64387520006858
QF_LRA/LassoRanker/CooperatingT2/ludcmp.t2.c_Iteration8_Loop_6-phaseTemplate.smt2,OpenSMT,True,13.999233634909615,13.999233634909615
QF_LRA/LassoRanker/CooperatingT2/toeplz.c.i.toeplz.pl.t2.fixed.t2.c_Iteration2_Loop_7-phaseTemplate.smt2,OpenSMT,True,5.807662196923047,5.807662196923047
QF_LRA/miplib/opt1217--37.smt2,Z3alpha,False,1200,2400
QF_LRA/LassoRanker/CooperatingT2/p-55.t2.c_Iteration3_Loop_7-phaseTemplate.smt2,OpenSMT,True,36.26966799702495,36.26966799702495
QF_LRA/2019-ezsmt/blending/16.smt2,Yices2,True,4.093479136936367,4.093479136936367
QF_LRA/LassoRanker/CooperatingT2/p-46.t2.c_Iteration2_Lasso_4-pieceTemplate.smt2,OpenSMT,True,12.829873935086653,12.829873935086653
QF_LRA/uart/uart-40.induction.cvc.smt2,OpenSMT,True,2.1559578170999885,2.1559578170999885
QF_LRA/latendresse/shewanella-compact2b.smt2,OpenSMT,True,0.5106771418359131,0.5106771418359131
QF_LRA/miplib/fixnet-3983.smt2,OpenSMT,False,1200,2400
QF_LRA/LassoRanker/Ultimate/yPositive-SIscaled75.bpl_Iteration1_Loop_4-phaseTemplate.smt2,OpenSMT,True,1.3082166409585625,1.3082166409585625
QF_LRA/LassoRanker/Ultimate/Braverman-2006CAV-Ex1-int.bpl_Iteration1_Lasso_6-phaseTemplate.smt2,OpenSMT,True,69.3077424140647,69.3077424140647
QF_LRA/sal/gasburner/gasburner-prop3-5.smt2,Yices2,True,0.21307433489710093,0.21307433489710093
QF_LRA/2019-ezsmt/blending/29.smt2,Yices2,True,0.21576145407743752,0.21576145407743752
QF_LRA/tta_startup/simple_startup_8nodes.bug.induct.smt2,OpenSMT,True,0.9487055209465325,0.9487055209465325
QF_LRA/2017-Heizmann-UltimateInvariantSynthesis/_standard_init6_ground.i_3_2_2.bpl_7.smt2,OpenSMT,True,53.44875198695809,53.44875198695809
QF_LRA/LassoRanker/CooperatingT2/p-55.t2.c_Iteration2_Loop_4-pieceTemplate.smt2,OpenSMT,True,2.8529573681298643,2.8529573681298643
QF_LRA/sc/sc-33.induction3.cvc.smt2,OpenSMT,True,0.5261984211392701,0.5261984211392701
QF_LRA/LassoRanker/CooperatingT2/ex11.t2.c_Iteration1_Lasso_7-phaseTemplate.smt2,Yices2,True,1.0294568450190127,1.0294568450190127
QF_LRA/LassoRanker/Ultimate/simple-scaled200.bpl_Iteration1_Lasso_7-phaseTemplate.smt2,Yices2,True,15.350175752071664,15.350175752071664
QF_LRA/LassoRanker/Ultimate/GcdNew.bpl_Iteration1_Lasso_5-phaseTemplate.smt2,OpenSMT,True,7.868569421116263,7.868569421116263
QF_LRA/tropical-matrix/constraint-343414.smt2,OpenSMT,False,1200,2400
QF_LRA/2019-ezsmt/robotics/1_4.smt2,OpenSMT,True,0.21642778208479285,0.21642778208479285
QF_LRA/sc/sc-25.base.cvc.smt2,Yices2,True,11.375671115936711,11.375671115936711
QF_LRA/sal/windowreal/windowreal-no_t_deadlock-16.smt2,Yices2,True,0.23901738808490336,0.23901738808490336
QF_LRA/DTP-Scheduling/constraints-tms-2-3-light-06.smt2,Yices2,True,0.21173946396447718,0.21173946396447718
QF_LRA/sc/sc-6.induction3.cvc.smt2,OpenSMT,True,0.2580077829770744,0.2580077829770744
QF_LRA/spider_benchmarks/op_seen_more1.induction.smt2,Yices2,True,0.21617223508656025,0.21617223508656025
QF_LRA/LassoRanker/CooperatingT2/hongyi1.t2.c_Iteration9_Loop_6-phaseTemplate.smt2,Yices2,True,773.2781366920099,773.2781366920099
QF_LRA/LassoRanker/CooperatingT2/brp_withassume.t2.c_Iteration1_Loop_4-lexTemplate.smt2,Yices2,True,1.72328956797719,1.72328956797719
QF_LRA/LassoRanker/Ultimate/simple-scaled100.bpl_Iteration1_Lasso_5-phaseTemplate.smt2,OpenSMT,True,24.32919778395444,24.32919778395444
QF_LRA/LassoRanker/CooperatingT2/efegp.t2.c_Iteration1_Lasso_3-pieceTemplate.smt2,OpenSMT,True,2.369885758962482,2.369885758962482
QF_LRA/DTP-Scheduling/constraints-tms-2-3-light-40.smt2,Yices2,True,0.22082136594690382,0.22082136594690382
QF_LRA/spider_benchmarks/pd_finish.base.smt2,Yices2,True,0.2163388398475945,0.2163388398475945
QF_LRA/LassoRanker/CooperatingT2/janne_complex.t2.c_Iteration3_Lasso_6-phaseTemplate.smt2,OpenSMT,True,5.942108853952959,5.942108853952959
QF_LRA/2017-Heizmann-UltimateInvariantSynthesis/_sanfoundry_10_ground.i_6_3_3.bpl_13.smt2,OpenSMT,False,1200,2400
QF_LRA/sc/sc-36.induction3.cvc.smt2,OpenSMT,True,0.7764570040162653,0.7764570040162653
QF_LRA/LassoRanker/SV-COMP/LeeJonesBen-Amram-2001POPL-Ex5_true-termination.c_Iteration2_Lasso_6-phaseTemplate.smt2,OpenSMT,True,30.118531308835372,30.118531308835372
QF_LRA/2017-Heizmann-UltimateInvariantSynthesis/_sorting_bubblesort_ground.i_4_3_3.bpl_7.smt2,OpenSMT,True,0.701207074103877,0.701207074103877
QF_LRA/sc/sc-9.induction.cvc.smt2,Yices2,True,0.24780495394952595,0.24780495394952595
QF_LRA/sc/sc-18.induction3.cvc.smt2,OpenSMT,True,0.38856269395910203,0.38856269395910203
QF_LRA/DTP-Scheduling/constraints-cooking22.smt2,Yices2,True,0.21669712709262967,0.21669712709262967
QF_LRA/clock_synchro/clocksynchro_6clocks.main_invar.induct.smt2,OpenSMT,True,3.3122917858418077,3.3122917858418077
QF_LRA/sal/gasburner/gasburner-prop3-20.smt2,Yices2,True,0.21838283515535295,0.21838283515535295
QF_LRA/LassoRanker/CooperatingT2/p-46.t2.c_Iteration2_Lasso_7-phaseTemplate.smt2,Yices2,True,304.84336141101085,304.84336141101085
QF_LRA/uart/uart-13.base.cvc.smt2,OpenSMT,True,0.7131582859437913,0.7131582859437913
QF_LRA/2017-Heizmann-UltimateInvariantSynthesis/_array_ptr_single_elem_init.i_4_2_2.bpl_7.smt2,OpenSMT,False,1200,2400
QF_LRA/2017-Heizmann-UltimateInvariantSynthesis/_standard_two_index_06.i_3_2_2.bpl_11.smt2,OpenSMT,True,124.79857868608087,124.79857868608087
QF_LRA/LassoRanker/CooperatingT2/sas2.t2.c_Iteration6_Lasso_5-phaseTemplate.smt2,OpenSMT,True,4.241339780855924,4.241339780855924
QF_LRA/sc/sc-28.base.cvc.smt2,OpenSMT,True,2.2637717500329018,2.2637717500329018
QF_LRA/LassoRanker/SV-COMP/min_rf_true-termination.c_Iteration1_Loop_3-pieceTemplate.smt2,OpenSMT,True,4.436033449135721,4.436033449135721
QF_LRA/LassoRanker/CooperatingT2/sumit.t2.c_Iteration1_Lasso_6-phaseTemplate.smt2,OpenSMT,True,9.581429153913632,9.581429153913632
QF_LRA/uart/uart-25.base.cvc.smt2,OpenSMT,True,6.603530643042177,6.603530643042177
QF_LRA/LassoRanker/CooperatingT2/disj_nightmare.t2.c_Iteration2_Loop_7-phaseTemplate.smt2,Yices2,True,0.7402806191239506,0.7402806191239506
QF_LRA/2019-ezsmt/blending/12.smt2,Yices2,True,0.280766265001148,0.280766265001148
QF_LRA/sc/sc-12.induction.cvc.smt2,Yices2,True,0.24363543395884335,0.24363543395884335
QF_LRA/spider_benchmarks/good_frame_update.induction.smt2,Yices2,True,0.21451182710006833,0.21451182710006833
QF_LRA/LassoRanker/CooperatingT2/byron-2.t2.c_Iteration2_Loop_7-phaseTemplate.smt2,OpenSMT,True,3.924968382809311,3.924968382809311
QF_LRA/2017-Heizmann-UltimateInvariantSynthesis/_standard_password_ground.i_4_2_2.bpl_11.smt2,OpenSMT,True,67.30061086802743,67.30061086802743
QF_LRA/LassoRanker/CooperatingT2/broydn.c.i.broydn.pl.t2.fixed.t2.c_Iteration8_Loop_7-phaseTemplate.smt2,OpenSMT,True,2.4784397720359266,2.4784397720359266
QF_LRA/LassoRanker/CooperatingT2/wrong_loop.t2.c_Iteration3_Loop_7-phaseTemplate.smt2,OpenSMT,True,1.4884354888927191,1.4884354888927191
QF_LRA/LassoRanker/Ultimate/simple-scaled250.bpl_Iteration1_Lasso_7-nestedTemplate.smt2,OpenSMT,True,29.245829221094027,29.245829221094027
QF_LRA/tropical-matrix/constraint-413064.smt2,Yices2,False,1200,2400
QF_LRA/LassoRanker/CooperatingT2/ndes.t2.c_Iteration2_Loop_7-phaseTemplate.smt2,Yices2,True,1.860438800882548,1.860438800882548
QF_LRA/tta_startup/simple_startup_3nodes.bug.induct.smt2,Yices2,True,0.2735787529964,0.2735787529964
QF_LRA/DTP-Scheduling/constraints-tms-2-3-light-30.smt2,Yices2,True,0.21648397715762258,0.21648397715762258
QF_LRA/LassoRanker/SV-COMP/aviad_true-termination.c_Iteration1_Loop_3-phaseTemplate.smt2,Yices2,True,1.196335450047627,1.196335450047627
QF_LRA/2019-ezsmt/Labyrinth/SCC_Strong/0051-labyrinth-12-0.smt2,Yices2,True,33.759784552967176,33.759784552967176
QF_LRA/DTP-Scheduling/constraints-cooking06.smt2,Yices2,True,0.23518378008157015,0.23518378008157015
QF_LRA/2019-ezsmt/Labyrinth/SCC_Strong/0018-labyrinth-11-0.smt2,Yices2,True,9.214477739995345,9.214477739995345
QF_LRA/tta_startup/simple_startup_14nodes.bug.induct.smt2,Yices2,True,9.575023778015748,9.575023778015748
QF_LRA/check/bignum_lra2.smt2,OpenSMT,True,0.2206783250439912,0.2206783250439912
QF_LRA/LassoRanker/SV-COMP/LeeJonesBen-Amram-2001POPL-Ex6_true-termination.c_Iteration2_Lasso_6-phaseTemplate.smt2,OpenSMT,True,1.5643327659927309,1.5643327659927309
QF_LRA/LassoRanker/CooperatingT2/brp_withassume.t2.c_Iteration8_Loop_7-phaseTemplate.smt2,Yices2,False,1200,2400
QF_LRA/DTP-Scheduling/constraints-temporal-machine-shop-2-3-A40.smt2,Yices2,True,0.22060333797708154,0.22060333797708154
QF_LRA/DTP-Scheduling/constraints-tempo-width-40.smt2,Yices2,True,0.27739377110265195,0.27739377110265195
QF_LRA/2019-ezsmt/blending/14.smt2,Yices2,True,0.21906214393675327,0.21906214393675327
QF_LRA/LassoRanker/SV-COMP/CookSeeZuleger-2013TACAS-Fig3_true-termination.c_Iteration1_Loop_7-phaseTemplate.smt2,Yices2,True,4.809789052931592,4.809789052931592
QF_LRA/2017-Heizmann-UltimateInvariantSynthesis/_jain_5.i_2_4_3.bpl_7.smt2,OpenSMT,True,6.073401185916737,6.073401185916737
QF_LRA/TM/p3-zenonumeric_s5.smt2,Yices2,True,0.22520562401041389,0.22520562401041389
QF_LRA/2017-Heizmann-UltimateInvariantSynthesis/_overflow1.i_3_8_2.bpl_7.smt2,cvc5,True,1.9625284909270704,1.9625284909270704
QF_LRA/uart/uart-31.induction.cvc.smt2,Yices2,True,0.4898133280221373,0.4898133280221373
QF_LRA/LassoRanker/Ultimate/MenloPark.bpl_Iteration1_Lasso_4-pieceTemplate.smt2,OpenSMT,True,27.18907534587197,27.18907534587197
QF_LRA/uart/uart-38.base.cvc.smt2,Yices2,True,25.747220320161432,25.747220320161432
QF_LRA/sc/sc-26.induction2.cvc.smt2,Z3alpha,True,0.516637641005218,0.516637641005218
QF_LRA/clock_synchro/clocksynchro_5clocks.worst_case_skew.induct.smt2,OpenSMT,True,0.6125124120153487,0.6125124120153487
QF_LRA/tta_startup/simple_startup_3nodes.abstract.base.smt2,Yices2,True,0.21175823779776692,0.21175823779776692
QF_LRA/sal/pursuit/pursuit-safety-3.smt2,Yices2,True,0.2348233221564442,0.2348233221564442
QF_LRA/2019-ezsmt/travellingSalesperson/tsp_rand_70_300_1155482584_14.lp.smt2,Yices2,True,0.2630865629762411,0.2630865629762411
QF_LRA/sc/sc-5.induction2.cvc.smt2,Yices2,True,0.23994488106109202,0.23994488106109202
